<?xml version="1.0" encoding="UTF-8"?>
<beans xmlns="http://www.springframework.org/schema/beans"
    xmlns:xsi="http://www.w3.org/2001/XMLSchema-instance"
    xsi:schemaLocation="http://www.springframework.org/schema/beans http://www.springframework.org/schema/beans/spring-beans.xsd">
 
 <bean id="OutputHelper" class="com.cybage.OutputHelper">
        <property name="shape" ref="Circle" />
    </bean>
    
    <bean id="Circle" class="com.cybage.Circle" >
    <property name="radius" value="2" ></property>
    </bean>
    
    <bean id="Rectangle" class="com.cybage.Rectangle" >
    <property name="width" value="4"></property>
    <property name="breadth" value="6"></property>
    </bean>
        

</beans>