<?xml version="1.0" encoding="UTF-8"?>
<beans xmlns="http://www.springframework.org/schema/beans"
    xmlns:xsi="http://www.w3.org/2001/XMLSchema-instance"
    xsi:schemaLocation="http://www.springframework.org/schema/beans http://www.springframework.org/schema/beans/spring-beans.xsd">
<bean class="com.cybage.Question" name="q">

<constructor-arg value="1"></constructor-arg>
<constructor-arg value="Give your details?"></constructor-arg>
<constructor-arg >
<list>
<value>I am Tejashri Phalke</value>
<value>Completed Cdac</value>
<value>Working here as a Trainee Engineer</value>

</list>
</constructor-arg>
</bean>
 


</beans>