<?xml version="1.0" encoding="UTF-8"?>
<beans xmlns="http://www.springframework.org/schema/beans"
    xmlns:xsi="http://www.w3.org/2001/XMLSchema-instance"
    xsi:schemaLocation="http://www.springframework.org/schema/beans http://www.springframework.org/schema/beans/spring-beans.xsd">
<bean class="com.cybage.User" name="e1">
<constructor-arg name="id" value="1"></constructor-arg>
<constructor-arg name="name" value="Tejashri"></constructor-arg>
<constructor-arg name="city" value="Pune"> </constructor-arg>
<constructor-arg name="country" value="India"></constructor-arg>
</bean>
 <bean id ="e2" class="com.cybage.User" autowire="byName">
<property name="id" value="2"></property>
<property name="name" value="Avinash"></property>
<property name="city" value="pune"></property>
<property name="country" value="India"></property>
</bean>
 


</beans>