<?xml version="1.0" encoding="UTF-8"?>
<beans xmlns="http://www.springframework.org/schema/beans"
    xmlns:xsi="http://www.w3.org/2001/XMLSchema-instance"
    xsi:schemaLocation="http://www.springframework.org/schema/beans http://www.springframework.org/schema/beans/spring-beans.xsd">
<bean class="com.cybage.Employee" name="e1">
<constructor-arg name="id" value="105"></constructor-arg>
<constructor-arg name="name" value="Tejashri"></constructor-arg>
</bean>
 <bean class="com.cybage.Employee" name="e2">
<constructor-arg name="id" value="105"></constructor-arg>
<constructor-arg name="name" value="Avinash"></constructor-arg>
</bean>
 


</beans>